0,1,y
0.8094301185682592,-0.13426114247538523,1
-0.5785128539147876,-0.5277856224628354,1
-3.4894480768097544,0.14749599278377654,0
6.519859634183087,-0.13824497290614735,1
2.7394379444731642,-0.5898774073194543,0
-5.482786870308136,-1.1870551914498173,0
-5.24999193943937,-1.256085359980328,0
-3.1331510196678987,-0.13061167875002883,0
9.597057336671318,1.3159075102644278,1
-6.781793849213066,0.1521065731822125,0
3.8047639713786627,-1.8843871147511295,1
8.48163173899808,-1.5211181597323964,1
-5.677597416467204,-0.16298125076509984,0
8.495940872070673,2.0498799190481165,1
9.2273185792692,-2.4600981572852367,0
-6.81483221124408,1.6126175191996999,0
4.266289646231083,0.6859851242598637,1
-7.64455428243919,0.5736790007837611,0
-7.903141256930592,-1.8106745467983418,0
4.077781554676729,-1.900232072311395,1
2.6684548808755935,1.2717277557937454,0
2.2837356617193025,-0.3796422252809018,0
-3.701296680046168,0.4380104732236838,0
9.960639624011781,2.7643515728770702,1
9.25472086102169,-2.341969048893846,1
4.226205047317609,3.2868931522540383,1
-3.514835651336668,2.3346957825347516,1
-5.660064310028666,-0.7225254542567981,0
-4.288442100486776,1.4825573054156778,0
2.851490941733605,-0.290784623834657,0
-6.9040671283660044,-2.170434551707377,1
-8.054502296449641,-0.253983690012777,0
-0.7753182541551881,2.2726613819465347,1
2.4165241318071997,1.5159204572562395,1
-7.502681628801622,0.4248136191608295,0
6.50121121136719,1.72368925204705,1
-7.755803225069197,0.24684940769191233,0
7.151373857168378,-1.0590484872199588,1
-8.187693789544145,1.0901441345376153,0
1.4485794538991863,-2.098239743260331,0
-10.718599072627704,0.41181311698782164,1
8.188946669645325,-1.3121236911505096,1
2.7507068708757743,-1.0176057866942694,0
7.320823185563066,-2.908081730485323,1
-7.361819966457616,0.29941528651795,0
4.259988919792478,2.0479687317102275,1
1.0566354476292297,0.0985306652600888,0
-2.8145576562298857,2.2754856209971432,1
9.929083899193568,-1.9040660897765043,1
0.0746416456775002,-2.8179137634377387,0
-0.08966107218763164,-0.8020560920996933,0
-0.12283701640019595,1.898568061040093,0
-7.529217128163457,-1.0727070026007204,0
-5.384746962879061,1.0276927345340634,0
5.1487239574655606,-0.12469661155365719,1
3.4552185449328796,1.2828353112735673,1
-5.34538413554179,2.640732468322847,0
-5.1320396616948445,3.0600646648004126,0
1.2923630543747062,-2.9737373629191888,1
-2.468594007855372,2.2888457507417006,1
-9.509088996564063,0.13349805184780839,0
-7.592686061930079,1.5717936857662989,0
4.392912994870688,2.291161512716599,1
-2.855702473225739,0.4126836089242021,0
-5.086766142109562,-1.5933344298443721,0
-4.6603171180852625,0.5304766387085548,0
-8.218372123672243,-2.3089651286027912,0
-5.594921510983806,0.16248726710047978,0
-1.2110960555864292,0.263689388221679,0
-5.859389535953764,0.7274129902493718,0
-8.128389650428716,0.302789673540801,0
-1.9031438347740828,0.1593265309360516,1
1.971168704332458,-1.487970504346537,0
6.682897351421246,1.1624650085187338,1
-7.253637328970354,-0.8982114286478853,0
2.891032989830311,-1.73745914882522,0
1.021924968735812,-0.8234708703411129,0
4.93314046822565,-0.14616534340874288,1
5.7951281731157955,-0.4496269290293183,1
7.124574034307474,-1.9206477637706696,1
1.618586026401231,-2.1251006270677326,0
-2.599065768592043,1.3014173300286986,1
8.192891044036397,-0.9511064149709876,1
8.28278989205811,0.8888265602643259,1
5.757822586228974,0.8304058960955418,1
8.764700225652838,-2.123620892213186,1
-6.649402484440124,-0.6667798337357533,0
-5.007274038117583,-0.2183177370836994,0
0.7435699996634957,0.29423186400188683,1
-2.771037648714707,-0.39889747551028476,0
-1.9032408660659355,1.8337100295502975,1
-3.32921870423095,-2.1689171314486666,1
-1.097513888857243,1.5882590000971921,0
0.05803289389161648,1.4402745426099102,1
1.8511166569089559,0.60419502999285,1
-1.1694094048737196,-2.8660206504136774,0
-5.2115948593923225,-2.154733888310537,0
3.8874624428424744,-0.9474744590214599,1
-5.063631508191126,-1.2969961042961202,0
-0.3532201037810787,-0.7767705755102827,0
-2.5619037180355364,0.7063945106013529,1
4.390065537640714,-0.8105462342343347,0
-5.734575702712842,1.4027445626721808,1
7.214393002731589,0.9394604665916348,1
-8.516142300161505,-0.01468400337042372,0
3.3315172478121755,-0.1021003342204693,1
-1.4867487051314447,-1.4940384338622439,1
-2.583426247414429,0.1553558261429145,0
10.545898417555984,-0.3495844260051262,1
8.032697899673913,1.0326555087005527,1
5.45166606868966,1.0921669669556702,1
7.851012665372067,1.4603473048176057,1
-0.951974217634783,-0.870827263234205,0
1.607768011764711,0.8060813832461997,1
2.339920005903325,1.1033328516674064,0
5.134648915430859,-2.4446653932416407,1
-3.269406871003971,0.5690126946067345,1
7.127720528977832,0.13535278541758233,1
6.435341070134903,-0.4567693473255965,1
-3.045217927771773,1.3812050406319856,1
-8.5814341615744,-1.4688302271842082,0
1.9627398634908233,1.4782894975839267,1
-3.237453875477864,-3.2101444922162212,0
-0.699303855426648,0.3164953787665534,1
5.792930017650567,0.2548399458007655,1
7.672473652932809,-1.0984934055140863,1
-0.7774080783176035,-2.862147284975512,0
-6.752988485916633,1.2160344919038142,0
4.181539099788452,0.10203804094614441,1
-3.374935013824378,-0.3172040619501977,0
4.246003999511507,0.08251701840812076,1
-4.809573543444801,-2.6805812556170148,0
-1.667148933360926,-1.0687284128463659,0
-4.865828043011639,0.2976393908697375,0
-5.645910897435665,-2.865440442071002,0
-9.069820814743803,1.2118526367155114,1
-1.0725020413185313,-1.415519598328058,0
-7.081617513420239,0.32433715768400395,0
-2.3056986178562173,-1.020304967187175,1
2.122965589240341,0.4311065891669893,0
0.28385558164062197,0.3537291110505126,1
-0.3066275436915261,-2.2581504644601176,0
8.828662402200717,0.6915360380338089,1
-3.5519949168119123,0.02715140609575245,0
1.8500253148319081,-0.11945766433483834,0
2.639491932663331,2.0860037611329347,1
0.4365787493603006,-1.0263612523512893,0
-7.094957332576811,1.4731305639546002,0
-3.086618352753433,-1.58056297197245,0
-1.7116425906826505,0.9208311541398646,1
-2.6635339466236334,2.032580039008953,1
9.15625378832587,1.2445552022869149,1
-1.2447833462308329,0.1660614092161221,1
8.506998954588349,-1.2747633918348953,1
7.365106324056692,-0.9446684579705242,1
5.687537301310273,-0.059585625074007664,1
-4.601465804252969,-2.1262216848622675,0
-4.7072999751837195,1.9660242910780168,0
1.0007988714757532,-1.0742611760103622,1
-7.806717848347581,0.3478549960073428,0
3.34903101184924,-0.7967504725879185,1
2.0108675789284525,0.9610196069084261,0
-11.442449653040542,-0.7566114242654234,1
-4.5938099008074085,-0.6685630659592288,0
-9.065166653336469,0.02516001544379906,0
-5.7569233940380435,-0.2673474181879387,0
9.103854350952213,-1.0737305104904407,1
9.452253622372522,-0.7717906821361578,1
8.427180451991681,0.024937055060322177,0
8.711645414110688,-1.4442970776065682,0
6.454727860261473,-1.734025436523986,1
10.873949622193084,-2.9053054346738163,1
-0.04035943834247013,0.5464222489396551,0
1.620360326951003,2.3558881475186952,1
-10.531064690812736,-0.13185351279260005,1
0.5465224953695438,-0.16395205542598595,1
-10.583269784873965,-0.12591170743065216,0
1.9753542862915223,2.726232903288257,1
4.463073451997134,1.0958712103653876,1
-6.9417754887008805,1.6938849278264247,0
-1.6781427621749572,-0.33987453735683215,1
6.811086871570445,-0.13307052483723214,1
-3.133879435343168,0.5336796881239282,1
2.5942935571175205,-0.5107033995956125,0
-0.795069833483385,-1.628731484914452,0
-8.425149463763205,1.0830783525245276,0
-4.699960795685252,-0.47583095989221325,0
2.7596294544251534,-1.4230809486821938,0
7.255541327379555,-0.8347343740858012,0
3.889840675576319,2.1318374302228773,1
-7.62917565191599,-0.2472944093018032,0
-4.371987147770625,2.6162807619642336,0
4.4496709653633735,0.006533990472338491,1
4.006006989015625,1.7576771825101767,1
-2.6374561641391647,1.4720583220202164,1
-8.1984045173036,-0.1553017974293347,0
6.107911721377194,-1.4182487492852232,1
3.714363385234165,0.049372202629094725,0
6.308401529195793,1.1174724362552344,1
-9.181672799719214,-0.43015724349240886,0
-9.421288822409418,1.0848278389116022,0
-6.124500948987962,-2.190559579292978,0
1.3226729207486878,0.03621341556291391,0
2.2757711722389034,-0.064856159660857,0
7.121200562218958,1.7318737730397957,1
-6.51941624937851,-3.0728562906311625,1
7.566794963077799,-0.3060259057417793,1
0.9497705339244973,1.3546145740135505,1
-2.5358818707650266,-0.8373337120295277,1
-4.574510331710718,2.9859723380780845,1
-0.2910857834621302,-0.035459874452975076,0
10.232868086216051,1.091564058575826,1
-7.80120573394181,1.5317213666646134,0
-0.6875935403134541,0.5783353424878306,0
-3.5893987882770544,-1.676009539878191,0
2.116969706555668,-1.7548973785031636,0
6.7442628056693765,-1.4321180489005432,1
1.8987422645982737,-1.2965036182373955,0
6.321002349775014,-0.5062221110970823,1
4.594453409640248,0.34409354157501826,1
-7.505356110337378,1.5947480211626945,0
-2.7803232309833543,1.0956713934289024,0
5.422792817272904,-1.2888685492460183,0
-0.37511556671505475,-1.9646705064749286,0
3.1559503230295616,0.5042171555861639,0
-8.632628913136813,1.7024351420875834,0
4.8199044209681,-0.6023812588484598,1
-10.803611758648039,0.3543277300663422,1
-8.559737238950346,0.5485850595838349,0
8.165348606322379,-1.8637219924801576,1
8.211239687103836,0.7615947613650238,1
2.415838681313927,2.4751159127669218,0
0.5579170975422028,-0.11310952851505374,1
-2.2618240290146074,0.09930418093277296,1
0.5062088200693933,0.1943086241381495,1
-5.824553993633765,3.5317239344296407,0
-9.963049543251863,0.2846504274710655,0
4.260839962644353,0.2764993288079331,1
3.9681217966827793,-0.16802369245659077,1
-0.8860066839471804,-0.10406378606575878,1
-3.6194071460064805,-0.2228976139506837,0
7.183540033986439,-0.07709915326329586,1
10.33020039923192,1.3633952842334445,1
5.517587212058844,1.0486404659517292,1
2.0063416768033555,0.6971621951266129,1
-4.178316677417518,0.16012861943855197,1
0.7957531954967612,1.658565981774286,0
-0.09612842203688854,-1.637158270930482,0
0.3452042926813019,-0.474755764127443,1
6.199587585915769,-0.05750850802924545,0
0.2973976432930904,0.3004972349969168,1
7.4395004072917095,-1.5319309249236615,1
4.516590226589824,1.8984523268762694,1
-8.08941192804774,-1.2785269918991664,0
-5.604773225768163,-2.049711569151348,0
8.33725195335343,-0.06041012150992897,1
0.7529295154069657,0.10608488189091975,1
-6.7300533416651875,1.677079474078718,0
4.7160703369062436,0.7276339393696571,1
7.469126250861406,0.7001128546521809,1
-8.267180136409948,-0.0887547786691174,0
3.5314707359396285,2.2615145149478666,1
5.277957999092745,-0.5388691503303886,1
-2.984884588451392,-1.6980536459022566,1
2.7120659014579878,-1.996927518276666,1
-6.707200307814836,1.6267014745931432,0
7.466961527918317,0.7913131088969121,1
-7.1651118355097285,0.6758864430924804,0
-10.682267165296826,1.2749679730463108,0
4.153172554890164,1.1158532034341602,1
6.949109351492537,-0.2710958847565658,1
9.416091960189394,1.6017395947792203,1
-10.310046728998243,0.13296484249376606,0
7.940525635972111,-0.44403581032996897,1
1.0095964410637355,2.1538999437129105,0
-4.989208012824277,-1.6319118685716039,1
1.9014712854980567,0.483872576507008,1
9.664643627769,-1.508512913313738,1
-0.7543913583110252,1.0675141929087058,1
-5.640781499266998,0.22847705675801572,0
-8.117282666636811,0.7072112431040365,0
7.475769220341224,1.440295015438526,1
-9.17677816249109,0.2822795706987604,1
-7.3536504489727665,0.3720814825373045,0
8.86201550523605,-1.3651999912267274,1
-10.520782403526685,-0.23486686589413308,0
6.422055990849651,-1.1828942849998598,0
-9.788596202006483,1.8805235714786597,0
10.251459879344159,0.10231832095535671,1
2.5672741617217905,1.038096221839416,1
-5.065024740148698,1.630424962623425,0
5.065610521656967,-1.2073349409022318,1
-3.5305181439728557,0.4800102501725016,0
3.9129652794516416,-0.6781630493140886,1
2.6014621371466466,0.8669231755915521,1
7.151280944424512,-0.6426283831538968,1
9.227464828981336,-0.3994257911582908,1
-4.9254644901211035,-1.9172206280601487,0
-0.6466991912017236,0.23948763260524178,0
-5.229264701724884,-1.5118478263364914,0
-3.641277511753805,-0.13542967000511186,0
4.517388870982916,-1.2690423738611352,0
-7.092874489669123,-0.37284038698596994,0
9.489317307476309,0.6870031067308764,1
-3.771249650727078,-1.1093873639147984,0
5.648106824837422,1.096937591885666,1
-6.692706335419745,-0.13118310843679204,0
0.7524522555088112,0.5479446986900494,1
3.1361247273722266,0.6664965724486607,1
0.6304440256688598,1.5400730028764285,1
-3.2782289361440378,-0.5779118739894925,1
-1.7847168908711695,-1.3727768461781045,0
-5.933838976797267,-0.19210319668769427,1
7.722264346261244,-1.1491373130543103,1
3.886212806399371,-0.041417549889665506,1
4.877080518110053,0.6554842866862286,1
3.9530063153808994,-1.8737182169951176,1
-6.534949733379287,0.6639542808314958,1
3.108195468337337,1.3874604215455282,1
-4.287911175593413,0.508576295335211,0
7.329134414264316,-0.5015229052159854,1
-8.38449770701959,0.8249191166079894,0
10.246230595712875,-0.9451354615318093,1
-5.102870750047351,0.12379476810248996,0
-2.540028909818199,0.30825881205258787,0
-3.553632817205724,-2.0008443107764244,0
-0.6876158715184841,0.1389258061238428,0
4.275194603522528,0.11627256451072995,1
3.16230774749095,0.3936176223558807,1
-8.446334182928672,-1.8326328421562865,1
3.540925558912602,-1.9149354163382664,1
-6.317256001084064,-0.0526056304701972,0
1.8963240425905907,0.3465742231708285,1
3.324920874704962,-0.4840034560824895,1
-5.041841258294913,-0.6952053969347473,1
-10.207040681761459,-1.3499691944339507,0
8.25673903804449,-1.3083756506833417,1
1.2620969431352116,-0.09172599893432197,1
-3.611857674010274,0.20090302377676703,0
-8.91636024051723,-1.2833681225602716,0
2.947994969559307,0.6589097276288864,0
4.966796503266611,-0.9011896892509237,1
-2.2803109657702194,0.04546388366016285,0
3.0207978269210396,-1.6861776255821752,0
-7.852543963489238,0.5176673185225621,0
-1.6660983653984442,-1.1019328900798715,1
-1.5139890330768326,-2.80618631756758,0
-0.5091372133099459,-3.436382415160907,0
-6.3377274480003685,0.8832401839721011,0
-1.0493973724696215,-3.8470599549529982,0
-2.674803933662804,1.0657090909366835,1
6.253136422350467,1.3803872124532632,1
4.300816216275266,-0.7572755568913833,1
-7.828635270955883,0.47973121395722795,0
-1.5506621413644919,0.7444666217381672,0
-2.5099731827176313,1.2088755268902263,1
6.356143840325824,-2.028575939705566,1
-3.563861861141635,0.11764779503365808,0
-1.4621042056759253,2.156775899788509,1
4.127995706594341,-1.6051891598855,1
-6.628163373519889,0.13118171037820253,0
-5.495494387165807,3.7742279606477442,0
5.392520517349579,0.7282917200093934,1
-9.526704456491505,1.5120326764892988,0
9.189776974315407,-0.8768385595535874,1
-1.4852985989412435,-0.6246092977381721,1
9.341468232501523,-0.9742918984501037,1
7.503076862861744,1.7201925490440202,1
-3.9396305301334538,0.5831847644207451,0
1.7830802535186154,1.6484481702740486,1
-5.636385296405743,-1.2975503434976372,0
-7.706068691374957,0.20698744764428081,0
6.099845225799664,0.06350609347825387,1
2.8681240303942936,-1.684114356162262,1
-4.024435921106518,0.8972360473912417,1
4.41887657283125,-1.5457051439238998,1
9.08212172176578,2.0939577024523857,1
4.010125082146133,1.4146537667362462,1
4.480391932941185,-3.510284118225906,1
-6.00043282369765,0.08703869471671855,0
4.552603256192976,2.691152981953809,1
8.031279290166434,-1.887632831769182,1
5.77096025438041,-0.13695250684137172,1
-0.6160203228632939,-1.6660220934205805,0
5.967394196349153,0.9957305455041385,1
4.871711626144326,0.5135402952601441,1
-4.916009411684529,-1.155483039904927,0
4.750978926055998,0.3528202241958799,1
8.60836270749775,-0.30702590776348027,0
7.473438367026561,-1.0425129916893414,1
-1.7740158952901268,0.11653787553778311,0
1.966758794996125,-2.122427315996533,1
-2.3438934775688702,0.4391190550895556,1
-5.5573670427067166,-0.83091528727531,1
-6.741923118499853,0.7176253133911812,0
-7.461801697875037,1.8357774802180984,0
-7.488170578879965,-0.8191807251548209,0
9.20311666875767,-1.4401599585450746,1
-4.021794054579392,-1.532585314574716,0
-8.52278645364751,0.008813141036394523,1
-4.61017613562762,-1.4330062165427815,0
-2.38143865265791,-2.060677225774814,0
-4.664618913657474,-0.2727306566085552,0
-3.651335275130343,0.899404981027376,1
-0.6786812321149944,-2.9787254360063113,0
-10.255997563853228,-0.45647679638251115,0
6.2222633353500125,0.1292904645788167,1
7.824832104559805,1.0424992145031928,1
-6.465567157707429,2.494668314787518,0
-10.708762125708953,1.93814468603833,0
-3.8674764641897035,-0.3988962271947871,1
0.23295690194132357,0.8734579838121864,1
-0.3938764899386388,-2.242088754952592,0
3.461048183704254,-2.316674683082107,1
8.056605010152152,0.802202245569003,0
-1.1240561079232014,-1.0519130542931903,0
6.859907020939613,-0.8814131931997377,1
-2.216704232397024,-0.27455089387150033,1
1.4828733858032561,-0.8073960885313736,0
0.9453979611450215,-1.559025659420774,0
-2.8635706126689646,1.6583568172958862,1
-6.516693538549105,-0.2917569521607116,0
-4.407081301733046,2.706418275883102,1
-10.197003907277402,1.8032629145801287,0
-9.801007421442144,-0.40649005727253973,1
2.3007271920312853,-0.4031807116374242,0
-2.3853523372897807,0.32395363288120427,1
7.057695097003091,-0.8339569818273,1
7.3647869120932,-0.9659511496684166,1
-3.5872658159773616,2.406790513555392,1
4.587339399705313,1.0091576150707064,1
-9.670057653695919,0.2989964891908363,0
1.7371099397059373,1.4020355259332693,1
-5.7740267017528515,0.07613809433640917,0
-8.537231455906788,-0.3660083030549436,0
-2.628817963743316,0.7615441554115178,1
9.38253068969999,1.3955883312876889,1
4.704581114590501,-1.5792453433659326,1
7.129344045731055,-1.831891657428634,1
-5.059549307320825,-0.2069414751347787,0
-5.924630049413866,0.7953887252983661,0
-8.047438904879852,1.643618920263867,0
-5.434574826035749,-0.580556874574388,0
6.025950368610482,2.2036588659858847,1
3.980333177392235,-1.126337324232137,1
6.599361898253679,-0.7362926193584749,0
-7.45432778418192,-1.8889568893222128,0
-2.7011771833348632,-0.09246484962386506,1
-2.399970546416549,-1.1176424605737458,1
8.101865039804169,0.12937471817820362,1
-7.428357018988159,0.6226467060496342,1
-3.8549924711177206,0.5349988780715771,1
3.747227085448222,1.3668794845734005,1
4.67074004327566,-0.9247518158635643,1
4.731865589816753,-0.6948716144630839,1
-8.81358437664195,-1.160872251938382,0
5.767685772099786,-1.0070238455019465,0
-4.8775361859052255,-0.34721518907537635,0
-3.3152196748643865,-2.607081106561132,0
4.197342468533887,-1.2887569736023925,0
-9.631327308930834,-0.14562886365524366,0
2.5375446949735405,0.7763240943761858,0
-7.299222949072754,2.4420824454708354,0
4.763173920740574,2.2915004346175407,0
4.36548004078597,2.8300159842791337,1
-1.2081620672256763,-0.9207325305502196,1
-6.309364097309327,-1.2453828773186741,0
-8.163902027971393,0.10116516226268812,0
-1.5322922559989822,0.17953363798191685,0
-0.638962556437656,1.6124788030860056,1
-8.295652304541568,0.5050421593028691,0
-6.451771290246117,-1.2682876624931467,0
2.853196609800375,-0.05141424533046107,0
-1.3847735217917436,1.2285815022271118,0
-4.960250717788221,0.774254228261039,0
2.976865447119887,2.461476154380676,1
-7.666768704687018,1.0357488627104754,0
8.205469314313747,0.26073345762524713,1
2.2475666708698596,-0.49945447518189956,0
3.153764753044004,-1.1590267757757995,0
8.234517211608843,0.4714641208156593,1
-7.747930245010633,-1.4084828726583867,0
-3.8454570566145687,1.0573314648621277,0
0.5747652319909473,0.867082106604824,1
6.170197072132526,0.9109870360870237,0
6.816058889950937,0.9160569650968934,1
1.2893659768671673,-1.3099232916590822,0
6.458953144842334,-0.26481797147079966,1
10.165530230005666,0.9842013334186746,1
4.066686000524707,0.7043065826535565,1
-0.8587262649953771,-0.43195507337715455,0
-8.343081172768178,-0.892980024476645,0
-5.217589727601316,-2.1367610361244918,1
9.57277102830986,1.7860993911746204,1
5.70451779572268,3.5716670137606856,1
6.314921358609089,0.0019328101586634783,1
-7.439133724257695,1.470714102739601,0
7.782097785991148,1.9692584735217435,1
-8.123470405784698,0.1160006884286513,0
-7.958593244612931,0.7573592136301383,1
1.017211391421689,-0.9046905391456584,0
0.6744369622819154,2.3345430339626967,1
4.099987663481286,-0.00044672993225236546,1
-8.739659731381378,2.1582653089522728,0
-5.682816399723391,3.0378106110980614,1
6.569608073857154,-3.086203303673264,0
1.4713561304276666,0.5236113105997794,0
5.423765793378473,-1.1104185931307056,1
10.105930756508709,0.9631863539323839,1
0.48352209780543626,0.1429214225409352,1
1.9152347095178917,-1.2453742243495394,0
-6.488573288144769,-3.312740265461881,0
-5.692855027771631,0.331829765893235,0
-7.480038789661025,-1.8480064289618212,0
-1.158522606778119,1.092906729421183,1
-5.263246196660974,-0.3329112884749458,0
7.343593830357584,-2.3398393859693187,1
-3.632270556223236,-0.009331684940272589,0
8.266807849388467,0.45124327455844293,0
8.767569251911983,0.8987210012809356,1
7.611619782625294,-0.6310309241808023,1
-7.444614455005897,0.7265525385461307,0
0.16421043256268403,-1.481635515727711,0
2.583879405395887,1.6254060896120106,1
1.7402361727655458,-1.2483516440610734,0
-5.451867420261606,-0.35582090423099455,0
-4.511475312967292,1.7405557509943643,0
8.96383713185014,-1.0996481690312172,1
-4.654142501083846,-0.672962224430295,0
4.099952221655263,-1.1301555809801078,1
6.747492653487618,0.16367636825260434,0
3.5443220342752353,0.044752648851677554,0
8.279108659155145,1.8656603117511494,1
-0.2849122511329836,0.7585521830248209,1
9.847665692041193,-1.703017490979127,1
-0.8271419078467306,1.1103541971815987,1
-4.754870476202222,-1.181005324559931,0
-0.3608207005634867,0.8665438165681143,1
-7.2952624461167765,-0.18775803316362522,0
-2.087484523714219,-0.7658854415176183,0
2.2719921931045515,0.9814079741377738,0
-10.911087463966723,-0.523825812019485,0
5.22343021180135,-0.7967838327560921,1
0.18639925410867875,0.6846717841994767,1
-2.8826272786180436,0.1161243599600581,0
9.614442717566584,0.6074493968153027,1
-3.7496260596539397,1.5039950369121924,0
-8.203571005947124,-1.1090892631381921,0
1.5353027044910978,-2.57133600775303,0
-0.46223540653302875,-1.5824466505427066,0
-1.4243818192848265,0.4430953683313405,1
9.017829603969137,0.532656234658747,1
10.117408914528584,-3.7466493227024396,1
-0.919216453757185,0.44267333643392814,0
-5.247062070510453,0.8231031796615826,0
-3.255657044169144,1.7886924438784577,0
3.171880036408474,-0.8784586381007237,1
0.9102523668883918,1.501030589611155,0
-10.506874118374464,1.3971279202727502,0
0.4230047748203788,2.3441021927244523,0
7.05739320717441,-1.6811573336982544,1
1.4188323516838284,1.2486173231756863,1
1.8743281016682718,-0.6098569603962953,1
-1.7160705265588168,-0.2970409190793184,0
-5.90637773126062,0.9246210781869673,0
7.848174773637016,0.4622377028189866,1
-0.5565900163982027,0.43143903772129216,1
4.133825420572151,1.6901566461136663,0
-5.128115052145043,-0.5966027420331039,0
1.1913310160932296,-0.23767039430531955,0
-0.6745775228803056,-1.761405882162351,0
-0.4681072509684542,-1.2736938793488466,0
3.6861444175138445,1.20837146352045,1
6.74362754727146,2.731344843188221,1
12.128256566627652,0.24894090453707826,1
2.5069121193048565,-0.5589203868112776,1
4.9228539654987316,-2.41941559332934,1
2.5753724333235697,-1.9109615812412226,1
-2.3960059722695117,2.6820063999448203,1
3.199634821356004,1.34885721245547,0
-7.002164266013418,-1.063328735424039,0
9.448460725948726,0.6387328245890768,1
-9.713658179506576,-0.44879084699776506,0
0.4361364433817585,-0.11742919388648443,1
-8.179398213838775,2.6432350675070238,1
-6.149778002530411,-0.34563318504972956,0
-5.176442770233842,0.9302693020568501,0
-3.8868182160842526,0.8445260642199793,0
-5.472113832870473,2.2999873037050897,0
-1.5291668395177695,0.2832790520236914,1
2.3606443282420595,0.8088665653442069,1
-9.254035914390512,3.9657252803159126,0
-5.415213767436674,-0.8855744675607253,0
3.2240453408204575,1.2806516136931034,0
5.918965433017173,0.04410487848424238,1
-7.654209629232157,2.907314109605973,0
-1.4187441723755825,-2.85603306823396,0
4.422040475279195,0.4319781374573839,0
4.4609564634005,0.3940325174560382,1
0.10963386875414693,2.0543500098594007,1
0.5498564485149986,0.6058210611688383,1
-5.351581087104703,0.005632534977059428,0
-1.335996680194564,-2.123225586247841,0
4.535712602334974,1.5041097217886756,1
-7.461440788221726,-1.533797191343887,0
6.0539042617602625,0.41638925529748566,0
-4.205975179697052,3.338083434192357,1
1.770025996699554,2.4359378738905697,1
-3.017324539796148,3.216760883276545,1
7.738339238237435,0.4478183720803968,1
-8.562732884641099,-1.0574821011851168,0
-8.089105650688609,-0.8198033791405221,0
7.4527441010266715,-0.7647816347472449,1
8.101787297036516,0.2593943254707923,1
-5.564990544002665,-0.009634210217004557,1
-11.903209244312563,-0.48926583853260497,0
-4.049908612818107,0.8061200286602765,0
-6.037257544272117,-2.622737288381182,0
-5.9434239258971155,-0.21345419791491227,0
1.0535842969671123,-1.0298163750783005,0
-2.3213288409570456,0.5144434926602786,1
6.941552457871681,-2.4644278020670494,1
8.882887446263275,0.9739604536108983,1
0.7787695109363271,1.0206996226149028,0
3.5399414996978047,0.12888862625319697,0
-3.4620970679132452,-0.3018956615148752,0
-5.9926253730262395,-1.54025043924307,0
2.413743685002184,0.7403955265347528,1
-3.3827162912948365,2.340250636442343,1
-4.331244931641283,1.3082170941220088,0
8.322441530769924,-3.165548272049474,1
-9.901273641432756,-1.3834407678667133,0
-5.490997692434253,-0.8604931533419988,0
-6.89558840520658,-1.70108724331262,0
-10.062455528360447,-2.41777953188162,0
7.894134150839811,-0.11933276470939691,1
3.6496468603714254,-1.6118076610196497,1
0.15395166472643296,0.4297388888463061,1
-8.345231905974053,0.13163975152375598,0
6.30029710044656,-0.3850319877409848,1
-7.248770339643782,2.1457343615727797,0
-2.906260641063802,0.02180309560433552,0
-0.7954094925236712,1.8788292987734705,1
-2.2824467716109638,-0.10267675188970204,0
4.723757471845512,0.4698628333453796,1
-3.2221170794532803,0.21803240102384508,1
-2.0131152931264005,-1.9444854150646185,0
6.98557486601507,2.302128419258566,1
3.8738768076608476,0.9751751661984223,1
-7.75739282937624,0.3637116354622348,0
6.070869249490982,-2.273151230524953,1
-1.2274666622140316,2.290354811886378,1
7.3971033278485505,-1.4518817216947102,1
8.889634228969884,-0.36165373061970263,1
6.599096086073632,2.7831022233452316,1
-3.8707780619156926,-0.41636904369313943,0
7.537867559850868,0.08128744723712167,1
-3.7227115541549995,1.0360185070424772,1
8.016696343681524,1.3391744555291112,1
9.178409217753986,2.1084791626434702,1
0.08680820715952797,-1.0556694163223017,1
-5.096902376200301,0.6404242787677918,0
10.995945404243727,0.37791095661651947,1
0.5267739788345955,1.1866460430062418,1
-10.89355344043381,0.5155079323218559,0
8.130110275786272,2.1813581671073266,0
6.478850469776439,-0.7073808380122335,1
8.271810478895073,1.1054462328795314,1
-2.6274591752929117,-1.1335099712862453,0
-3.3133652009475947,0.3421898106855839,1
1.012063210033033,-0.23207233955425557,1
5.945927708778413,1.8891146113266848,1
9.668772791393874,1.0368390998979267,1
5.211019970249951,2.06714183051305,1
-9.644576583083898,-1.7376920237548115,0
-1.0992690296417553,0.6281128119233452,1
-2.0028947083024438,-2.276722452662288,0
-2.1438308909569432,0.38547991211004734,1
9.60706815434035,-2.6419891135909706,1
-7.2988325691885745,1.5890643525921717,0
5.1716331719299875,-0.03428705200730553,1
-4.409615626977182,0.9985092487881138,0
1.5352990926865082,1.4005134089614444,1
-5.169667637079446,-1.008676619437657,0
-4.5340239178631565,0.48272372645007955,0
-1.1800324013898893,0.11994126629198976,1
5.0445314361152125,0.5544056156586193,1
4.683355036746099,2.1632161441364497,1
10.07907943186251,-0.08537828048285556,1
-2.9975478193071816,0.5294560393434166,1
-1.1887745391272584,-1.08342105077397,1
-0.7367328968220865,-0.09893541363507996,1
8.602956859287673,0.368792830123014,0
5.151349970564869,-1.1375997989406699,1
-7.07866727211536,0.46901721559290965,0
5.913522036009584,1.3596685161448292,1
0.10547835932212535,-0.6068480131707764,0
-8.221341698701549,2.3933848641421718,0
-0.2593207549389316,-1.2905787044637196,1
-1.296575506534802,-0.37190044655323096,1
5.1997242629140334,1.098981910732067,0
8.163900815814122,-1.0216508841225047,1
9.993007450968474,-0.24437559855395108,1
8.99500222816834,0.32616637996123354,1
-3.2274791540948042,-0.7174578230768955,0
-2.309843195095201,0.4683451667170886,0
7.969194512839556,0.8678773024475819,1
6.168537495146434,3.0386732161621453,1
5.625084310690833,0.9464636381097679,0
1.8726534339082526,-1.5569859545607616,1
5.479341075794159,1.8923419475520007,1
3.4101769672340243,1.4880229274303753,1
4.364543906108188,-2.376011526425893,1
-4.801897431722995,-1.2841190003321945,0
-6.372161694933875,-0.9154883100135967,1
6.555203223755717,-0.6295442904450778,1
-5.304535749086594,0.9251950829487863,0
-7.215592893084779,0.6529105537097251,0
-1.723475592264565,1.275535888250695,0
0.8098820400528504,1.16101995746397,0
-10.256893766627252,-2.0124082337321463,0
-7.256684011829873,3.4279041179746192,0
3.657912615122504,2.318999146016117,1
-2.2560759299115185,0.45947011219639866,0
7.300613832680809,3.534002887007235,1
-1.9890820893416596,0.5326371360617177,0
-9.692216407361364,4.728848777192119,0
-1.675936016348623,2.772361078778708,0
-5.398408252948705,0.3137519830647269,0
-1.133546467957961,-0.7055701851117038,0
1.4010485359455567,1.4056770937898548,1
-9.461592855005335,0.06772911510570359,0
2.6142310994735642,0.15940493476235507,0
-3.103655986038082,3.0206623901416494,1
-2.9651529662253315,-1.8448558963055062,1
3.2245868657664793,-0.06267916136194418,0
-8.296123702503463,2.610041257979436,0
8.440429783692606,-0.6608549479040413,1
8.371241441130415,0.759262702342641,1
8.988614211146734,-0.7704974613398707,1
5.078263563971873,0.7738357289364284,1
-3.113304703372379,0.021593601839522886,0
-2.3778503584086628,0.9619993702180647,1
-7.713729906982495,0.0928872692762828,0
-4.864564267094962,-0.9553507492723875,0
0.48640469024829147,-0.5060561850769325,1
-5.9964565556629115,1.724891048400191,0
2.5498930863358202,4.288478886779394,1
4.996545730217578,2.540789836561995,1
-2.43031750980208,0.03525737529331219,1
6.444312047615242,-1.0863171360678865,1
-0.263016853429174,0.6790511752382319,0
6.1347876914059984,-1.3576737834565973,1
4.803390817042709,-2.636371175767134,1
1.8936626142949187,-1.1218298084932739,1
1.6983423761876246,-0.1362851325747331,1
3.125920562383906,1.136263753752727,1
6.024771136015145,-0.9529126658945746,1
2.98461211224043,-0.616054062832115,0
3.1891540013352326,0.3860778128516126,0
5.490992953010874,-1.0990794672696786,1
-6.797653205134361,1.4223433406922463,0
-1.169451458961338,1.5546284304451092,1
4.8036021955508135,1.3701182969074621,1
4.93852079972997,0.08134199054182945,0
9.925634622884496,-0.807365838335465,1
6.46341766882183,-0.18041842743617198,1
8.159543395381533,-1.9734657718239774,1
4.62618226913994,-3.2497909797122757,1
-8.64460771117238,-0.2856234862697013,0
4.006523233588092,-1.0766359665825658,0
7.1602798707248025,-0.4433955634311059,1
-0.668890527061893,0.05736766136645466,1
5.292443124387096,-1.5002671824841878,1
-5.31660993302188,-0.33336752187203333,0
6.342740819146518,0.5722740019461076,1
-0.382240399872376,0.4938842987705301,1
-5.105653603467041,-0.7566723902178643,0
-6.276665960001929,-0.9165241211614403,0
-4.266633305457729,0.26912209429336925,0
6.0990127292895995,2.6147458306440368,1
-2.925516477675882,0.7080728534642619,0
-8.02943738839652,2.316960473132459,0
-0.2584725963364898,2.009701591455412,1
3.3255699844194675,0.04513581415014151,0
4.009797791513391,1.2459514731264099,0
6.485641425777529,-1.2794619597115469,1
-1.0018870263398445,2.630397362424427,1
-2.296170720754173,0.49112236027887923,1
-6.182465954360392,-1.8633378750422966,1
-4.630307889476379,-1.2602115869726465,0
-8.912178578583884,-0.22718553909616923,0
-7.8215530989308935,-2.2408780207708467,1
4.920649973519855,-3.0422897211646927,1
8.146183876234481,-1.445179725475168,1
-7.142456663234793,-0.5844960658295788,0
-4.749516172466707,-2.296330653318564,0
-6.602803986558499,-3.379685940111945,0
5.2691321444899595,0.36771610564839874,1
-8.118883304761248,-0.3917018218174992,0
1.7927142040420119,3.198944784325078,1
-0.9290920393409882,-1.2738432708139773,1
-0.12275191060975277,-1.3525493868999965,1
-7.792013765746315,2.141048472407527,0
-4.510320241055718,-0.4413368203690242,0
0.3118848806395801,1.542566108804136,1
-4.236233603941908,-1.1457570140159619,0
-9.114719909439627,-1.2822791154498094,0
-2.2353742946290884,0.6335391959228536,1
-7.225021877915686,-3.6146063107730932,0
1.5863930303782712,-1.5386707095495062,1
4.896012875534028,-0.8054929830195993,1
-1.1862075023679655,-1.1610446291923129,1
-7.090858156232526,0.5262265207956657,0
-0.18421326566085794,-1.0628333710263689,0
4.271002727673974,2.198719510207891,1
0.47065559755805236,-0.11592365678448768,1
7.390524389171046,1.6090978371632696,1
7.660604132318809,-0.3364517598612182,1
3.4172912819608063,0.7131484485145698,1
0.23074278987738872,-1.6172447335805393,0
-0.9188322878893173,3.4965379517009385,1
-3.313888479341143,1.3025069404276561,0
4.536189493715447,0.3954985195764963,1
-6.46083448757108,0.6583371221939057,1
-6.566818651342733,1.388292964546825,0
-7.3053892164991225,0.9462608448951748,0
-8.278378963476055,1.1485373719402456,0
7.952259652790758,-0.6813245603371539,1
-4.863444730824089,-1.442296406830043,1
-9.682311629198571,0.9256861840613753,1
-2.999281851704315,1.8697619329045851,0
-1.620638131226847,-0.6709329955640608,0
-5.359093692886575,-1.174012444718704,0
-9.778678584249315,-0.11919225509699359,0
-7.79847829237354,0.8237641007888514,0
5.481135448158428,0.9351469770072413,1
-4.735226246847127,0.9779018592565266,0
0.2120710888469186,-0.7656195155581826,0
-9.845783488469891,-1.7066548166789097,0
-6.6334731390680135,-1.412317526811382,0
-8.080916557247942,-1.2815967560551385,0
-6.786144101407727,-0.6723789789202015,0
8.264327882726853,0.8109960426855306,1
-1.8352089299748782,1.413988032440333,1
-7.980174664256798,-0.666236714020205,1
-3.296391609709572,0.5975391894063555,0
2.2308562602687125,-0.49620386548477047,0
9.099738701703911,-0.31475159141659015,1
0.05337703997381049,-1.0634849886446103,1
-2.855339482923886,0.46762959054290487,0
0.33542123194083473,-0.017884041444824472,1
-4.913225632210668,-1.1802601510194908,0
10.400051759940453,0.5469902983965773,1
4.064328992274934,0.27397243054945225,1
4.562143759996471,0.34082284884797587,1
6.028973313470953,-0.17441344511094614,1
10.203886736469821,3.073516701534766,1
10.335059359574975,0.36414609439173007,1
4.111914846360159,-1.4726293869287108,1
-6.852705540188304,-1.568338337067627,0
-8.749030443793893,-1.2071569189700382,0
9.725402605324014,-1.9063434678237834,1
0.5557722660425873,-0.3654661018386475,1
3.327837575449362,-1.7690004085757705,0
6.8197275250203955,-3.111367880552115,1
1.532971578620697,-0.5941115447541236,0
-6.373972260870976,2.946689423019629,0
-5.053910442763944,-1.1785741012549817,0
-6.948721397662378,-0.711588198699262,1
-2.1614548551068675,0.3461752133104006,0
4.008010943552036,0.35550392313100165,1
8.671699750538725,-0.12210218898539626,1
-6.733104912126343,-0.23432919292289744,1
4.557770627919432,-1.0498398350723148,1
10.513819558895586,2.1123024633838763,1
6.252120125060372,-0.9430221506683842,1
7.819617863653677,-0.9417460679254068,1
4.037285323189229,-0.0821017146689571,1
9.581253181740522,-1.482616296529332,1
-6.01802345593317,-0.800128924840368,0
-10.299704787127746,2.2780652116404214,0
-4.413672846935321,1.3877361688499703,1
-2.814541643524579,-0.7743864245230802,0
-3.866162927161199,-3.1759912574177562,0
-0.18710157073376554,3.4924715609353263,1
-1.6417683870657473,-1.0673680802281924,1
1.4721282492906507,3.435098450779478,1
-7.101568826764592,-0.9371143806463611,0
9.150784710694408,-2.985961804493834,1
-1.8253766439357073,-0.33341479612739744,1
-4.9883589984289225,-0.5824313079326359,0
-11.117733105699532,0.16985127251228832,0
6.014162246053746,-1.5541669618407652,1
-2.4277722439434744,-0.4094113467406801,1
-8.106707291298056,0.4708931534180065,0
-7.58950510944645,0.2982204520424444,0
-0.21942565557076366,0.029357757527496225,0
-11.220275683206832,1.1149223501707195,0
1.862151192226713,-1.489276782198175,0
-9.174441922064387,0.10494152506083265,0
-5.168395877104006,1.7859090444018624,1
10.77078652919527,1.2989539933291987,1
4.900670113039489,-0.26097785561056863,0
-3.957379527986389,-0.2513977546335011,1
6.405976165377664,0.003498364940026144,1
4.649224892236593,-0.39629508931009827,1
-3.7229077185858888,2.3469671456541215,0
7.397376257184856,-0.36255230928242754,1
6.2849933995065665,0.7196244009776425,1
-2.277131944609362,-0.7402108030516737,0
0.8550994937989649,0.754338397660777,1
-1.5438056095750357,-1.0072711858138481,0
10.039903389833182,-0.23535231761959097,1
-6.765334666612706,-0.41236021641268616,0
7.223685774210312,2.401704472287647,1
6.694835685480318,-0.21319634841793533,0
-9.69575662983124,2.266836445520831,0
-2.275898061519193,0.07947424568411482,0
-4.263164852595532,0.9493687440363308,1
8.798386148235691,-0.24018720898569246,1
-1.8285561121520177,-0.2358990805475467,0
-9.246144599520976,-0.6764142664722106,0
-2.7443973939096358,-0.47140096776515417,1
10.09109194002333,-1.327270750930535,1
-2.6963798698784873,0.15999590878220246,1
-5.127224547989082,-0.32830738597861997,0
-7.158381988878679,1.433797756906941,0
-10.552946811715287,1.0677016209994752,0
4.609275909669205,0.7737897719484644,1
-9.834103965257222,-3.1819756797648293,1
9.954239404482323,-0.2226230660722254,1
-5.487973797158543,-2.5979160320322374,1
10.31278961032783,2.364610979491659,1
1.4600430123016033,-0.06804962165470357,1
6.62282130988691,-0.004604560639410504,1
4.241666820780173,1.2487860933677641,1
4.362857207850009,-2.7693851812742523,1
-8.617456428937858,-1.4626240789513427,0
-7.318664419823755,-0.6181591956948218,0
-5.785664059073027,0.27144646300468067,0
5.023799601282895,3.432896934411056,1
-4.216126802762526,1.3038072182519622,0
5.710616120972939,2.439999485922067,1
-9.83321465715609,1.2165177952625321,0
9.840051062286522,-0.08520761110875932,1
-3.8086887551412643,-2.8207720219571515,0
0.9345920357665425,-0.03959143950753824,1
-11.27812346750507,-1.4524344758536936,1
-2.6238146175289385,-0.208360981869599,1
2.143828232883415,-0.3172156048222238,0
5.28573369335531,-1.065447477423647,1
8.446030314296719,-0.5051711564707947,1
-7.986267915863637,1.8344966131436755,0
6.078144874216721,1.2366409528744984,1
3.801900418317321,0.23300871132460807,1
5.67402195570367,-0.7128911970968069,1
10.498432540945275,-0.15131526062073197,1
-3.8640355935492323,-0.5256212741490721,0
-0.2350490527817763,0.890288491547651,1
-0.8343610306727219,-0.20180159565150957,1
-4.3131667940037355,-1.7448678500901371,0
9.846821706748536,2.140720017745737,1
-4.726122423799422,1.972925655778658,0
-6.502396997588806,-0.777044203135778,0
7.378861904674051,0.7227594082010407,0
-6.9067089588266795,-0.9515173652341903,0
-10.015011440271344,1.1083488015954468,0
7.9905808642539515,0.816377664083576,1
6.377684286275094,2.097511666931142,1
-0.18686515499581882,-2.3993947104006113,0
6.54695448773327,0.29986347623270493,1
6.383154581379774,-1.773566916479861,1
7.948891942103429,-0.3238006251710467,1
-0.9799087582107162,1.8850421427273987,1
1.7897552368757939,0.45674359017620714,0
-1.7967569082325632,4.91826406696595,0
-1.909005073217566,-0.10624465270372652,0
1.9175421472027272,-0.5795601304769051,1
6.6233039212965545,-0.6780486394155956,1
-2.6991870061058636,-1.5973123552846937,0
6.195312231000564,1.114335338930124,1
-4.665012113944698,0.41686245197929117,0
-10.918489658490646,-0.7021737864678147,0
-1.6485703127699838,0.8710458792159194,1
5.427417483862891,0.26974001769694494,1
-2.4268645753664595,-0.4830957291375312,0
-9.10412495462283,-0.2947697872399564,0
-0.5915607716251158,-1.8762491514450583,1
-6.26631127057493,1.4215213370766306,0
-3.324260499863077,-1.2100423553047035,1
5.207937074430671,2.411159735280636,1
-8.678622492251776,0.5759311903046679,0
-5.791734981349122,1.2957728421043182,0
-9.482898212856856,1.875059547024894,0
3.8691026740401266,-1.3691230460859205,0
-5.0845548622922125,-3.0957360334022415,0
1.900641075421197,0.3836678166892762,1
6.9152211061049895,-1.6879419098861308,1
2.7926749455756936,-1.391361805786043,1
6.191724455253241,-0.23453937194045077,1
1.9002912954707138,0.8584689957601432,1
3.5533610458365006,-0.24555675189630466,1
1.546521309291979,0.2188982555985375,0
8.480043312908803,-0.7986880785547142,1
0.39997299864129165,1.567774328860585,1
6.312401350374657,-3.5821023348118297,1
0.01751083601774961,2.818952648495329,1
-3.7228427132400705,3.225638714329303,0
2.875538236890302,1.6326626258364025,1
-7.389088545990211,-0.06670834212231702,0
-2.5781728214142614,-0.22206307034044503,0
2.1746696890056283,-0.8655222477271466,1
-3.5247197374024033,-0.5761674619550937,0
-2.6318745182605032,-1.9505372939284231,0
8.408150074186242,0.7257597458812753,0
4.2761822123851765,0.8562256603519203,1
9.8661399498597,-0.6036608810542213,1
-8.873686582609484,-0.3432443008806268,0
4.1675326960290855,0.10194748786278796,1
-8.783674486904074,0.07774862351120726,0
7.415742024308731,0.42983901609306513,1
0.5793546910101737,-1.1181341809285394,1
0.7104291475976208,-0.3192565032179572,0
10.22665966960325,0.6151856587066113,1
-0.7766571519802092,-0.8641642157866016,0
-4.884464271317187,-0.4854884067540113,0
-2.0950329258998748,0.2742351641813984,0
-3.834146485736472,1.068118473229398,0
7.924233102562104,0.04753492240044588,1
-8.907526473597473,-0.6336625808131765,0
1.8563485884213655,0.26190364798550814,1
5.462476474183767,-0.15303586851136447,0
-7.854464248941811,-1.0131584284291582,0
7.782229380308459,-1.191776606192029,1
6.4030427263340375,0.9625617642925244,0
-9.75514450655916,0.00382975304549793,0
1.0797632853030759,-2.3221781601966116,0
2.1915558045324586,4.019494470732531,1
-8.338137576649402,-1.0687842753250836,0
-2.3666609393559193,4.142057534261189,1
-7.991845963776491,-0.004792814352924779,0
7.131071855352771,-0.3099376350453232,1
-10.943309769607888,-0.03545281465890926,0
-9.484800443261046,0.554722464227518,1
-4.951602551469255,0.9625831821609491,0
7.205540185958325,0.9097926797772142,1
-3.086094629537425,-0.6905532444649998,1
-0.5438651308239033,2.190463306947338,1
0.48893543933130706,-0.19945806118233755,1
2.7946747693831986,-2.4089898212883964,0
-6.263482784830209,-1.8518139707913577,0
-1.797526748184576,-0.29253693520784363,0
-0.940048234186345,-0.6431380170721119,0
0.9780138771712026,2.266544960037604,1
-2.365493297954178,1.520818117792695,1
4.453544928705943,-4.195240574011627,0
6.855453310192349,-0.24252630321862784,1
-9.780829515688012,0.8138398302318574,0
5.583613185148517,0.7572411357084308,1
8.904433543903545,-0.8136524595590477,1
5.568541777254881,-1.648245904347342,0
-3.9976426924394586,-0.21442564491960853,0
-1.5546532646701032,0.09420262602218177,0
-0.6038857662075695,-0.5568608567731951,1
2.6529405307191487,-0.7102126805593987,1
3.1094273809253448,0.022920267331970834,1
-4.277001857828979,0.29680262294220616,0
-3.367262978130719,1.4533480310809865,1
4.532900135041433,1.8647803423490448,0
-1.444356682208488,0.7784782988579496,1
-0.4474717557401302,-0.023930255261459032,1
9.293610893250834,-0.9936090659368912,1
2.7604220452269663,-0.5446679535284347,0
1.5412383140378285,1.9535197740611248,1
9.169902633940756,1.5926422800306357,1
1.6507755082468007,0.8936087304493013,1
-6.394544016750844,0.870735059277755,0
-6.107986902464186,0.9163492292050158,0
0.8120056849016192,0.2936908070160725,1
-0.142454144665773,-0.5736654545805393,1
-9.181755016737828,-0.8609269873766437,1
-10.322473136199577,1.2978485567494737,0
7.747924590177755,0.26010294179004434,1
-2.3890901924683092,-0.3634344995574701,0
3.8570241659415547,0.29241220245210564,1
4.218789478928115,-2.7275995454104813,1
4.60908729144325,0.4860712612296226,1
7.919342985548911,-0.4790057871947004,1
9.259172719451522,0.42684740024655987,1
-7.625041183782429,1.053823480947351,0
3.5032822853751546,-0.7364876063014192,1
-4.163904016658284,-0.16355114153506942,0
-6.022761513930986,2.5410084743510826,0
-4.310906352627161,-0.5169399485836859,0
5.223997380036067,-0.3292504519336604,1
-1.8446473690187994,-0.4941785783314072,1
-5.687126292951841,-1.543769856167702,0
-9.155002395055682,-0.2280618233850975,0
-1.4993048691712187,0.19763696103063846,1
7.734404891376268,2.4413370905252982,1
-6.204350874750006,0.674311134003267,0
9.382236117798517,0.6205690758667244,1
1.0795478928277682,1.666814601682682,1
-3.7775798840752453,-0.15446528190613185,0
-6.745676584743871,0.6294608516887845,0
-7.874826735022568,0.39505387425980215,0
7.972947627477939,-0.8338844231222179,1
3.919032962477798,1.52587832839573,1
-0.9077698587571295,-0.48246667684080247,0
1.9579798769065073,1.4580272000245278,1
-8.556857614290257,3.672550423284323,0
-5.589071206071064,0.02796148672153942,0
-1.3214646440288673,0.8791563522786352,1
6.851042724793511,-2.317705547028882,1
0.5858830213602293,-0.36829844845619486,0
8.853376110554665,-0.11256324388556416,1
-8.38688189631623,0.3953648648894426,0
-7.958186262727269,0.3699346352905126,0
-3.803336731498508,-1.6398324376097873,0
-9.213505047802032,-2.882039039864063,0
1.4168278076293837,0.9106619113809461,1
-0.42169251650106954,1.1261073985458674,1
-0.19772040066369645,-0.05083764817364278,0
-4.919836865416864,2.2318173743853382,0
5.449397008266218,0.06591721118616928,0
-2.1014671222648107,1.1339308897661526,1
2.2943480110749834,3.0378897845308312,1
-4.109330918086538,-0.4849769735578549,0
8.014304932428905,-2.307165195459473,1
-6.4433745435893295,-0.3449215447074666,0
-5.937271536238436,0.3371936485114417,0
10.518601711989707,2.1629597121316566,1
-8.161403534948134,-0.9431303372140145,0
-4.536465426614198,0.5414854760752453,0
7.5518744767867245,0.9591842488836282,1
0.22384013673705086,-2.0228666627909986,0
7.331481220424652,-0.1683934014299966,1
-6.33321093983941,-1.259289835252507,0
-2.4989032567048266,-3.6739592375008927,0
-0.19182545545350882,-3.6858404705226,0
7.342131123950732,0.2823869819896061,1
0.7890262469505311,0.1726644836465906,1
0.6287052352309922,0.887308766167153,1
-8.114679437704552,1.9594293353572292,0
-9.247222216888876,1.9979972240599164,0
-0.23162807799439866,-0.6777455791847672,0
-1.5258942912526134,0.7588877045850914,1
-8.777171615962525,-2.7868276618252974,0
-2.4457336324868217,-1.6678727099812831,1
-2.2571552415570766,0.731528810714655,0
-6.405332475176243,0.8946253830506653,1
8.125948374452982,1.8660702897829502,1
7.651824108655292,0.40173839281426194,1
-8.545822072370093,2.385196661833747,0
-10.893299843160904,-1.0733241611428643,1
6.046904822286028,-0.14443077591846532,0
-1.928252938145367,-0.6477723977233556,0
-5.605270310077241,-0.6548710771005635,0
-4.5705281374728814,0.850699200312915,1
6.961260618012176,-0.39672050349935484,1
3.934573802055095,1.5221795716681914,1
5.457356953938605,0.23184956972588344,0
-1.7686289332599472,-2.2777059610116615,0
4.58551250680854,-1.611413728493439,0
-7.990592223677888,1.852057313057771,0
9.4612892231292,3.292106937063747,1
-6.71842263273105,-1.494820985236945,1
5.976518351452368,0.9486492360286274,1
-2.5793713033428545,-0.3667933079048329,0
1.3362202698773975,0.13380163358545738,0
1.6058311565790513,1.0222726650864196,0
1.3132798925352485,2.0485093946507837,1
3.9447174588826264,0.7045607596529474,0
9.238818964458002,-0.3479061284694769,1
4.530420169552684,-1.3676682912213687,1
2.031814551294197,1.641321641986229,0
-6.899652921642168,1.6537692968376065,0
-3.422195854607925,-0.03216856265187332,0
-9.736703160680094,-0.11457374178436963,0
-7.34596822324321,-0.7986124097993599,0
3.461901702014341,1.2381397204780802,1
-9.67436508026619,-0.14585929612652615,1
5.824732276770641,0.6196598559239539,1
7.817160276345486,1.024544296883071,1
6.158808533043684,-0.8362762785841615,1
3.960251303318487,-2.1049500338536014,1
-2.0050764056420456,-0.7795368894846123,0
-1.3832343649005572,1.755814756910942,1
5.4776731017718605,-0.5829749533430137,1
-3.9892492916451854,1.8969230180244554,1
-4.683918323486975,-1.7956926926821235,0
1.4441194471157943,-1.6582661642024383,1
3.829619496744534,-0.4305736458008229,1
-4.952312168349285,-2.3893295992158468,0
-8.0293497404066,-0.7272563102740052,0
-2.963565418536597,-0.35811569360241946,0
-0.7024644684599821,0.026436668237798583,1
-6.03292939284114,1.4504651053327589,0
-5.712351609164919,-2.8594448018114798,0
-0.7994364084821999,1.4059403099778829,1
-1.7561827296466603,-0.31323703235083383,1
-2.810950631171196,-1.8134895382193723,0
3.2112604374110245,1.2365595098066118,0
-6.075673239132909,-2.0881802512942165,0
-5.466272083908319,-0.586377907034722,0
-2.703380493623726,-0.3976979973603021,0
-2.3340545317480563,-1.189752421384245,1
6.666774898337946,-0.6444608274342414,1
-1.3158413282814991,1.1855395170959802,0
-3.936029467515071,-1.4613647210671625,0
9.261787626417705,-0.4297718071119879,1
4.490974540380495,-0.25309017167180603,0
7.776975616726708,2.2767099817203014,1
1.9294477982589398,0.6993888778539156,1
10.66564815461436,1.771959773222846,1
10.146718937367723,0.3416988553244904,1
9.048581413347726,-1.0752758602111525,0
-4.894478776197742,-1.609125002343485,0
-5.093281842927964,-0.9352261309551871,0
4.488615508751644,-0.6503033385891105,1
2.1423585297960086,1.363156905409582,1
-10.309338037109937,0.6377793547408276,0
-7.585028041666121,0.4119790805732344,0
0.21802308218306132,0.6824919719118796,0
9.072631834921406,-0.8577780876578038,0
3.875761704915542,2.4458877634844294,1
0.45075717185028297,-0.24832158844908386,1
-1.8125955968269112,0.6134941459458961,1
1.7369296998575245,0.7982757614133937,1
-8.17497443526582,1.7689418507139036,0
2.681220028460057,-1.2085620083079007,0
3.1112696240753355,2.059702604365327,1
-10.124970823445112,0.45396372234644294,0
-8.53888434995398,1.6489524232668793,0
2.406554003852722,-0.16327127344010983,0
-2.7986121959544334,-0.3491177303653106,1
3.54442382804699,1.4328237781412188,1
-7.928021701388096,1.3110843157540466,0
9.14810135598498,-0.5715395847691846,1
-9.268691488845171,-0.399967161235275,1
0.5021188919658323,1.7266127793744661,1
-0.7928898710019852,-1.2604594061806051,0
-2.050945392069523,-0.5098602000379289,1
-0.5332506359802425,0.4217540135077789,1
-6.181758494176137,-1.3700348758684449,0
-7.178891446402014,2.7215632486776613,0
3.2227307254149244,-0.788690476437546,1
-5.361231749555359,0.21490384881310226,0
8.534101364098762,-0.15310749920441313,1
2.086645176639254,0.58288411182748,1
-8.6594963702848,-0.5056451731873671,0
2.5459345196412797,0.015548311223045952,0
-6.977513829260879,-2.1448603967084856,0
-2.246773328203793,0.47492362430977786,1
-9.219393104247835,-1.8609030972510037,0
-8.415985578655475,1.1218108002796328,0
-6.053430562339872,2.2759854734870566,1
-5.66397150157886,0.358667488713237,0
4.215508316019559,-2.5922551397719173,1
-6.033604780399562,-1.003690198875786,0
1.451417078881853,-0.9573668882488742,0
-7.778614102217339,1.1577710829173482,0
7.902247064844162,0.22904798016336136,1
3.2064481957387105,2.6735955079436007,0
2.8913601622004137,-1.413744511105597,1
10.538664609378367,-0.7549080806562988,1
9.261836417537813,2.9802588271844277,0
3.321030086096742,-0.07392826909421857,1
-3.2750202066623055,0.017078381104826887,0
5.351310749403241,1.6138487947477271,1
-3.0456692488866866,-1.2233909385594424,0
1.829770482686833,1.2895650405917856,1
4.30906526686987,-0.09636216121517177,1
-1.095057928037206,0.9748639016602587,1
-4.534536248150755,-0.9155149412575154,0
1.4974314252987697,-0.9195273119425182,0
-4.3785822467682225,-0.2701769553102038,0
-4.638058089834029,-0.14883536965504673,0
-2.6493011888425615,1.1321622078445674,1
9.27925339723718,0.24953631914016627,1
-3.0474867073272938,2.2656531885329834,1
-7.0837140128867535,0.15006274380269669,0
3.960852144529621,0.27575377058332057,1
9.049680615973646,0.5897440059503365,1
8.860514039311598,1.0948998006381583,1
-10.48655700755529,-0.21030325314843173,0
4.7871576518326755,0.7472594655790893,1
0.6238914451868874,0.030482767211202244,1
-8.912621254346293,0.2632481670527428,0
-7.178230412627714,0.9784465629460328,0
-2.008238866845711,-0.9074220790414287,1
0.2714461052321566,-0.27635292484855184,0
-7.324367567153899,-0.04406708399821713,0
9.380503029060012,1.1978116723108767,1
-2.1471110667238777,0.11359680740590838,0
4.28178102331579,-0.5060387180734451,1
6.605002127399189,1.9942572374415728,1
3.4536303427819894,-2.389589309272118,1
0.960014532795486,-0.40167446373663507,1
-2.882497238207117,1.0603073374036187,0
-6.677366294161292,0.21966360378596028,0
2.800539011117152,0.0012687810972042968,0
6.069485603583635,0.5816676599010622,1
-7.183160007744429,0.1643611855940641,0
3.131866990942541,-0.19112250901911776,0
1.1393355532666645,-1.4873647171566808,1
-0.9941863818542547,-0.85138709587867,1
5.032954446683156,-0.1440667119283422,1
-8.259535881554363,-1.367573644807943,0
3.4083108131945683,1.3684714204475008,1
-5.7933808969875855,-0.2590062394538427,0
-8.64210319552612,0.6770505597673253,0
5.968396210565377,-2.9054435388234987,0
-3.7955146089360454,-1.2677711859345047,0
1.2221499720885838,1.0955236594052593,1
-7.341447037248066,0.8475245853240138,1
2.6475181634742047,-0.44341868027616954,1
-7.732950314646382,2.166947467016612,0
9.686913312129697,0.15650504487008599,1
-5.517162023281235,-3.295254309212174,0
-0.8569978696606365,1.801518093659996,1
-10.083234184232495,0.20626156391571343,0
3.8914536208970816,2.3659854320606377,1
6.208386728669934,-2.8226118597355305,1
-2.252777412116589,-2.7575887221399116,0
7.52656317373923,0.5405442748457653,1
-4.223073789834666,0.807407046395717,1
-4.357651288743431,1.0792233511719957,0
0.5532516121858125,0.8645958343882715,1
10.352739329783528,-1.4711386471152912,1
-4.7692126653019855,-0.8333298748983742,0
-7.593013857852908,-2.8571612589271806,0
0.9584849057554544,0.2276457300340378,0
-7.767078396840568,-2.5308291216794383,0
-5.2747282668974425,-1.9917715459818908,0
-0.8765243093310596,-3.444266343492256,0
-6.234107690923825,-1.5746891866266206,0
2.8675904922110202,-1.2848512606801574,0
9.730545960799203,-0.27221445587009546,1
5.107372574891182,1.1233214954776265,1
-7.687553437579371,1.0081420868293387,1
-8.654355443509647,2.369556941973343,0
-3.1328957135271285,-0.6166230549836212,0
10.654150806023024,1.9367749612416891,1
-8.718802541390748,-2.3321451501625345,0
-7.673614999961451,1.9151033655284315,0
-6.982703375483314,3.1021327835639547,0
-2.005326016934532,1.9251647013480646,0
6.267551754349389,-1.8192272894734707,1
6.755764022146602,1.7219537961685818,1
-6.202983187099509,-2.15599877147696,0
-0.043714386397393314,2.8453557377405856,1
-4.283618649009828,0.053348165462495344,0
6.6541076934736045,0.7254566714894881,1
1.4886479709104943,-2.098710054633177,0
-7.648233097750864,1.5962725537000235,0
-1.2286026615283454,-0.6684709977134287,0
8.990218128471287,2.7450146611571764,1
5.430955083996299,2.5965940315934946,1
8.566533166162257,-0.5632910598358031,1
-4.2265034410305775,-0.09893040816609511,1
7.099536589893785,0.1650000515815682,1
-10.21419336918812,-0.40441754815433667,0
-10.543407710270285,1.7196298537099723,0
-4.41883954275771,1.3455620706534481,0
3.3466727583373252,1.1309054538113046,0
5.266587148389461,-0.7844640690203549,0
-3.744234469483821,-0.24017619735683937,0
7.357239315516004,-0.21696413150481342,1
-4.330156312062937,0.9464914826015838,0
-0.47580495509948073,-0.008144577257725882,0
10.028414561867198,-1.8381768100002305,1
5.395810582379264,1.0027331312864758,1
4.275311336701156,0.34445519549438186,1
-1.300856709319043,-0.04003869063594856,1
-7.611484841779173,2.25283376045169,0
0.35203105385595923,-1.3464221565364634,0
4.085562396721879,-0.9822129419239501,1
3.179388945217372,-0.9783933737441715,1
8.922470596901707,-0.006068588230871252,1
-0.9862175219693572,-0.14825242102556316,0
-10.322826486465674,-1.8697304821877214,0
-5.579936223670921,1.4880631715209842,1
-3.963686188417486,1.7055036395954564,0
2.1952287151765586,-1.1757370139412082,1
-0.7750676143862582,-1.3090537703198029,0
9.889986423338401,-0.4695377027180423,1
4.014561992053849,0.0308388950666994,1
3.8463527284129437,1.576610694948052,1
-6.424182812108578,0.0191359963483953,0
8.1842033718044,-2.691419059094632,0
-5.29168779844745,2.1086558510862683,0
2.506890552822168,-0.188544954883493,0
4.125936850472317,-1.6007104299498498,0
4.678359078660385,-3.856549254963379,1
5.942597926093362,0.6808850933146201,1
-4.537357590215606,3.107294750760959,1
-3.275751860915382,0.8771566110432147,1
7.031095738776759,-0.8095338892858654,1
9.455578542143368,-0.022134396175651494,1
-0.9162467977270935,1.8021359926319689,1
-9.128057652594698,-2.198628802342577,0
7.07154791207326,0.3825112247782433,1
6.691802613353404,4.382227919999298,1
9.754639764899343,-0.026772189957474102,1
7.280648751425664,-1.4762571540651725,1
-1.9571202676838868,0.09613466133581383,1
2.4767756549644893,0.42192080409777166,1
8.573781786665366,1.4753333168530447,1
3.9549033812906407,0.8729655140314988,1
-7.948778353540637,0.41704704181818736,0
-8.646345466038026,-0.6744204376871293,0
-7.403999783030578,-0.433928739400393,0
1.5930235037062264,-0.8964131084406324,0
-7.782372486563936,0.9780018559097228,0
9.16091959626011,3.4704244133214557,1
10.407726241872245,-1.215414652322555,1
5.230280564417446,1.076531606004167,1
6.582547961899575,0.18675613632165478,1
4.620784524891968,0.317966150688879,1
-1.278585897840545,-2.2013321328296165,0
4.480413363259888,0.9805005087012293,0
-0.47977728938785336,-0.36982268997974654,0
7.248256067676309,-2.3868535673168534,1
3.416373106459667,0.5959749717735697,1
2.2461094213345287,1.2825179606616233,1
5.0584963793932545,-2.382873318857717,0
-9.406531615260363,0.09547100334569819,1
-1.8938473609177788,2.078291744331236,1
-0.6838967760039645,-0.29839315276228007,0
4.154434411652652,-1.3829989550909227,1
-3.8929174179596417,-1.9283742773687662,1
3.661268771051716,1.6867348233469381,1
-5.829918057817607,-0.5475981443411386,1
5.018975933203704,-0.5417052460413223,1
2.9818910792485007,2.2672955517239766,1
1.1504706667702789,0.14768602211190696,0
-1.4342846085998524,0.08371647308006919,1
8.301070033385416,0.16397591361415953,1
-8.108545819912523,-0.09488432249314227,0
-3.08685091743651,-0.47218609748012674,0
8.52193785824173,-0.8601051727727939,1
-8.454418913156372,-2.2826869571869013,0
-8.585703450919354,-1.0936703137972235,1
0.7524308417462673,-2.8664576437155436,0
6.26475674361906,-1.5658355905742645,1
-0.1831057176457609,-0.8765934636351418,0
8.278383744791082,0.7301641422494458,1
4.159796600236701,-0.6826539896968146,1
6.631266152994561,-1.7920253850219559,0
-3.67140210694556,0.228017415431446,0
-8.981002918282854,2.814645687561243,0
-7.973487834386289,0.7157236467800013,0
7.023274467877346,0.32844951793182,1
-5.054234690430643,-0.23062263438978692,0
2.087258475275732,0.6907056292295348,1
-0.4979602913396639,-0.14362843435069045,1
-6.799119728807069,0.9041200293387237,0
-0.5787383976055162,-0.039579980066473563,0
8.408337579501806,0.3008844833048644,1
-7.574462071968024,1.4617574627788519,0
5.056850536230948,-0.32485148295563426,1
1.0106582151733672,-0.1650015835763373,0
6.6172224223809195,1.9494437633887816,1
-6.91342130259757,0.10624814427731888,0
-1.7184322913722718,1.140944978600027,1
7.243964523811652,-0.6391101629451774,1
10.759202714843665,0.6247167225559264,1
-5.832187121185747,2.2179641439057485,0
3.472197386908836,0.8380172894340634,1
-5.321165106174208,0.00919711452006014,0
2.237492141904236,-1.5906332653943323,1
7.30686055578132,1.5854134801664765,1
-3.8158512269438463,-1.1879606049806957,0
-3.9439219141979143,-0.9463773402136577,0
-10.06363612982292,1.1366006439157081,0
6.252760929261772,-2.6049322894374978,1
2.185231170549402,0.19802420558789838,1
-10.226616367544553,-0.3195228221291469,0
6.273787038961007,-0.43962032363290204,1
-4.888297937428801,-0.7611864991361863,0
-5.101922693787537,-1.7028107985688905,0
-1.3035844828253864,1.845460585760513,1
8.490834478873316,1.1517111764628107,1
-6.753918308252906,-0.47007736241293546,1
-9.501943386360928,-1.1599173777223521,1
-8.641335414136039,-0.1458905794196169,0
7.4795676431676394,1.107735014516196,1
-1.0623290067657833,0.25630895013723126,0
-3.7956500406287486,1.0007385094974217,0
3.6034614774736613,0.5601835819298584,1
6.326771912863998,-1.601954370715708,1
-3.2280063213887606,-3.5983686006862277,0
4.517987605746108,1.5347513236904613,1
-4.060512969539696,-1.2655559077392928,0
12.179350105307293,-0.65615857652817,1
-0.16621334585545766,1.8697822993534567,0
-8.282528228201029,0.5623757680971178,0
4.687128801544461,-0.7908801969005237,1
-1.4119482242793917,1.0869283618392394,0
-6.128856358625331,-0.6850417364516548,0
-0.4917935066511511,0.4660858526271479,1
-1.395403588729504,1.6208900107751705,1
6.186834668450059,-0.22867626188950782,1
0.43872541901922657,2.598093305916993,1
3.3721375366951767,1.0594344192450174,1
-4.850601918320773,0.5807260930756475,0
-8.500479079399334,-1.7853029018545232,0
7.055602883363721,-0.6917077415310695,0
-4.656592019094007,0.9158998301913238,0
7.441436192295907,-0.9078783626606091,1
-4.921418510084605,0.1963930723707782,0
10.077491560960105,-1.5444825814187977,1
-7.4350590159313095,0.8247052901541925,0
-1.5525444467392036,1.376276515914765,1
7.497566485827564,-0.7237796994487732,1
2.7049953429901805,0.23493128619732817,1
-0.5188929516105749,-2.4887191814359566,0
-0.3331985022815832,-0.36341196050483926,0
4.009912590164625,-1.4666106438492723,1
6.690815930956774,-1.5790330213764248,1
3.8372333957270497,-0.29479202425986584,1
7.187174385019175,0.8147714111118265,1
-3.2657555916965744,-2.230912496798125,1
9.54653502927059,0.9875251924551363,1
-4.73553315496774,0.3192651247201549,0
-1.1737675310516773,2.0189406248888653,1
4.805845071282632,0.3846302402753019,1
-6.437555649300778,1.150686565008039,0
-4.957596065969321,1.0305904308360436,0
-0.6777595139373238,1.919418748137907,1
2.7111212524341632,0.7405954666254455,1
6.47860304728497,-2.176020782466738,0
-4.295872699225734,-1.457208895517034,0
-1.1983029484082586,2.7138498912859625,0
-7.801966128501103,1.117800606098256,0
3.696007732905015,-2.5524055194745126,1
-10.450288827200547,-0.14075715106415768,1
8.357471510987299,-0.16811917003204463,0
-4.917007168851944,2.2526779895232405,0
-2.892910694358583,-0.003964644988249319,1
2.6300362585191808,1.6252498662133994,1
-1.0701702790960148,0.26771819306835437,1
-10.379093537343966,1.2192401384484133,0
4.945669456113002,-0.74462144316383,1
-6.176884341963241,-3.011254157166978,0
-9.289637284329494,0.909150154504312,0
-8.737391088211334,-1.1084649035381071,0
5.43333822267671,2.3188800800880816,1
6.532710088382826,0.7932620273598392,1
0.7203650351929145,-0.4626205235550409,0
-7.275296343583342,-1.4069175990920624,0
-9.832733048421673,0.04720652820010163,0
0.22954975632955454,-0.10651007303087334,1
4.828813485665787,-0.9794404111032247,1
-10.839004755990075,0.9477298964620207,0
1.3360777923179812,-1.8323313106485402,0
-9.573622622128916,1.0779074791775225,0
-9.172632660013521,0.2121674246370952,0
6.478408624805223,-0.45894468436527647,1
3.7281960658279996,-2.2606153755968545,0
-3.826770939628176,-0.017323114355735927,0
-9.787186508680856,-1.2048340195696972,0
10.288211546518852,-0.08112693421053309,1
-0.46084474039069534,-1.5513346636301104,0
7.772260356482861,1.8990879677352108,1
0.7899385494523727,-0.844768907446029,1
0.4423897130244417,-0.843848702712698,0
-9.664894013858472,-1.3587340525498197,0
4.35667472453751,0.39920595345191356,1
-6.117777272097875,-0.9335369920534153,1
2.2817781331993237,0.009801109898477045,0
-7.286771824526275,-2.2384607223943345,0
-6.3092974301855085,-1.8449801026509922,0
0.5396329287228545,-1.9468606796328083,0
-6.714156309296571,0.6197291891681884,0
-9.829885805322254,0.3061310693509812,0
-5.958619781289476,-2.397015786790641,0
-2.885506568564698,0.240401523551115,0
-2.3381571181049714,0.8770609737340964,1
4.5542673156648155,2.29058172765646,1
3.4506411427738533,-2.225327979052649,0
3.3752417866977122,0.8718951186529018,1
3.9210023503126483,2.6236638701986177,1
-7.479960841835746,0.6898960667309821,0
-0.009819885031846443,-0.9976431325351172,0
-3.092832839455556,-0.8227701766860627,1
-2.359705808922593,0.49503569329139246,1
-4.359319412097014,-1.0149009686304238,1
8.281221598038947,-1.0644454238024728,1
-5.043293720833796,-1.8420361094592428,0
2.424034634933618,0.8377167993103213,1
1.9329040120307672,-0.7738485153774023,0
-4.833775386256632,2.2984405011110933,0
1.3394454762739487,3.295581522982983,1
-5.584455913631482,-1.2239297134908418,0
0.4323045898986072,0.18260602917487082,1
-3.5464527812712197,0.9984068963411539,0
6.674836558994245,-0.5069777359211092,1
2.9436121620262123,-0.8944009020873143,0
-5.406956631765176,0.7999446439257085,0
-2.2566275748015343,2.35759333628873,1
10.42449334213455,0.9024868048499347,1
9.511173986706565,1.4972996264954337,1
-1.46555188649727,-1.5694065094509615,1
-1.497413912454021,-0.31363228390967346,1
-3.2602905254107637,-1.1624881691332296,1
-2.325935109010704,2.2137352300333517,0
-6.931791107517051,1.4330568334014524,1
2.432573546770876,-0.024670753221504804,1
-10.33837951850096,0.15389813354880033,0
7.118480618226343,-1.1756644784098669,1
-9.072242781583816,-1.4934032151452206,0
11.226937920176375,-2.6972365700946623,1
-1.8906035283358977,0.7992627154326527,1
-9.63453741292491,-1.7200248296340386,0
2.2163466430180145,1.1470846281377514,1
-6.9843768865777935,2.1529708779538828,0
-1.915682767340057,1.2244100073683044,1
-9.49255336308189,-1.4089595016811738,1
-7.051749313820817,0.4594602307852338,0
0.1588980901881405,-0.487775695362507,0
2.904783175479542,-0.31754826273673403,0
8.344116168439802,-0.03632003331731837,1
-2.2072266601235,-1.4992878275180421,0
4.815924132186196,0.6124389333757065,1
-2.8373583609805064,1.3627484170741195,1
8.685392514781524,-1.2729269211660035,1
7.248345477275816,2.3584084193502215,1
-8.607678854936117,-0.26242151745027376,1
9.860281832842091,-0.5960800995350075,1
-5.810189118645701,0.33734587112356507,0
-3.8501546176576373,-1.0254131784083946,0
-8.462347487657116,0.31425979928768505,0
-8.085322954283562,0.9205399885566996,0
2.2956387568190744,1.6871983855853836,1
-9.219144082444393,-1.8388788627158725,0
10.22451387207679,0.9517129355540791,0
2.6110004930174195,-0.47904701768707103,0
-6.638682495460757,0.867691696367658,0
-1.5467856423572899,-2.374209510078005,1
7.307474864882656,-0.04510670274328693,0
4.272232587972528,1.4198584502979734,1
1.4824977627926965,-1.9099825712704281,0
-0.24134680762554162,-0.5012241322688147,0
-7.5955030971027195,2.5169492972256515,1
-9.152351186238606,0.04787018907764423,0
10.545000595734809,0.0676396081999419,1
7.694424438149046,-0.6893191560811105,1
-5.506707685099508,0.7495804126550338,1
5.348839082884154,0.1286026698910928,1
-8.138720839478372,-1.7923873386326878,0
-6.292178952725161,-1.2314879205752458,0
0.5067351027473412,-0.08038986216859434,1
8.011229245353157,2.1044273011387866,1
5.365708683147435,-0.08710452259475798,0
7.058463730332297,-0.295325683584014,1
-6.489915734756627,-0.13449409765632747,0
3.4409544759638413,0.9968340786421953,1
-9.167078887571053,-0.1780993112205509,0
-8.234024257394243,0.06602039746745636,0
7.795053347796278,-0.5182329135192303,1
8.674809602033516,-0.3485864446910891,0
3.1353227605464444,1.90178391250917,1
-2.750826607172388,0.9289661218741656,1
-1.6062652391528562,-2.1121041988058233,0
-8.413320685658363,-0.1069385981472834,0
-3.640053048418656,-2.7399090054996647,0
-4.627518315650139,0.08282453338987805,0
-2.6139092852406414,-1.8268112601932867,1
2.6156424115203305,-3.3194406141450243,0
7.6009298512505605,0.5242795251394167,1
-8.890509712508523,0.3689338105560712,0
-1.7276927034793883,-0.2898864988264418,0
2.8482578782662324,0.45768600878064053,0
2.025194908470174,-4.846316536690182,0
0.6268549587564574,0.6739734178830625,1
-8.047709352304238,-0.09785686360143409,0
8.232122559357787,-0.9192881221032614,1
-2.126837426806137,-0.5381417558004196,1
5.403305361918012,-2.8380346333201114,1
-5.026826987405876,0.39884908916828504,0
4.944440353872801,0.0035195641162100166,1
-2.4498127178515814,3.033685036629186,1
-3.0892428789260893,1.7320673353370215,1
9.213437529428065,1.9556050360384658,1
5.4721828063592985,1.9596092478899159,1
6.989439218116026,0.8965686666790003,1
10.900020556411478,-3.7106591024448274,1
1.1398944184042614,2.4114620409954655,1
5.272735522388699,0.3675559983611816,1
-3.4696932102353,2.1058011849887546,1
-8.539029585096545,0.5425499312971999,0
2.9976821214972773,0.7265430437430049,1
8.788966678242705,1.6229959074543308,1
-6.965722568481577,-3.835697844949043,0
-8.806646443721874,-2.7116244935307288,1
-10.409182641786202,-1.7808524062439364,0
5.585421609602164,-0.16684313858420158,1
-3.9439981342500703,-0.5899747002747395,0
6.3727584018519785,-1.0671845399542395,1
3.25543030491467,0.4296701280492905,0
4.049035007646871,-0.2855876986157125,1
8.756836958423651,-0.2964705477137866,1
-5.811504529368484,-0.5282314738230283,0
-8.931024052590535,1.5807800023610385,0
8.852912417380079,1.3577976688478248,1
0.05712836975336549,2.852540569818059,1
4.0499480470221645,0.6817986507813198,0
-3.194081770241076,1.0795785565828357,0
8.305217896369715,1.3679467395158462,1
-0.9253952242001028,0.9710825976308539,1
-0.8819783803399883,0.637778577812466,0
1.034690837889955,-2.1492398633169247,0
-1.9329274682444937,-0.5685711927175046,0
-9.131437174525527,-0.09345823616231275,0
-0.13555253783947196,-0.457015418592185,0
1.9214634104853787,1.5381540337329498,1
5.783269766536816,0.5638272529292314,1
-6.585890460209441,-1.6850419770733636,0
8.406472867935907,-1.2062636899026693,1
3.779739938245573,0.4605979720311245,1
-8.334555720436716,2.501877467659138,0
6.5883328705376965,1.777078393889741,0
6.432574103090767,-0.8617998209740015,1
-1.8141632279412236,0.8943241626748978,1
-0.05916533568424032,0.24189706138476758,0
7.484096034880352,0.046013608954861396,1
-3.4551908318046363,-1.5559796195531144,1
5.466035799970328,-1.6720587147474972,1
2.3122128437127714,-0.5724558352040685,0
0.8547217873784447,1.2802000108608342,1
-0.4549127398067525,-0.5586670348916618,0
-2.1005757524544166,0.40717613833030253,1
-7.5316440463744545,0.6295456700876828,0
10.204462757727907,-0.874728700625732,1
2.6747456891095007,0.8027974885434415,1
8.144622260991028,1.203792703106531,1
6.372357730642777,-0.8849716894630071,1
2.48944118534156,-0.17977886152968925,0
3.1022324893810933,0.458770870867385,1
0.6444288028925846,3.309060422738619,1
5.85413077312556,-0.6527414028259274,1
3.5127132831100907,0.7715788912320959,0
9.100272150325875,-1.3338164277927995,1
-9.752835845582702,-0.8908042538105125,0
9.904506112919957,0.8885496170931708,1
-3.501295373018976,0.19499144948899738,1
5.7464451631992,2.2096183498572652,1
5.9755251232238376,-1.7072425043570374,1
-6.0635332615141575,-2.185525516900371,0
-3.514735627235983,0.3370111802207356,0
-0.0777136581433937,2.6213173993076824,0
2.484033003131458,-0.6328405375065377,0
4.714540894178837,0.3862189375592834,1
2.59532548137304,-2.7161512433348296,0
7.250456359011051,-0.6091308127027939,1
8.867533645055385,-0.5599741003347974,1
1.16270261070187,-1.1220659895203802,0
1.3679359470961525,1.1118111553765224,0
2.5020709381404016,-0.27187847203428406,0
-5.9529522733088305,0.5355433551270155,0
1.1688372728337382,-2.152246088556664,1
-1.3502578142211796,0.40112370124567065,1
-0.45146734071346395,0.5896820201397617,1
-5.985012777085231,0.6799956315985178,0
-6.119973101126679,0.5350413110207547,0
1.2112526922594586,0.03182391546692431,0
-6.048844362997033,-1.5899344032577996,0
-4.127459070867237,-2.183345002265562,0
-8.517007661274896,-0.3536452819440497,0
-6.383169417678389,0.9693398103005875,0
-2.367974053776537,0.9001433085098502,1
4.491296405032241,0.44962307763041554,1
4.574265542272306,-0.6708623036447003,1
-7.993175245646317,0.137829103867821,0
-7.936504809457303,-1.0785156007109813,1
4.9034079076653745,1.7616173294442148,1
3.674671450833992,-0.9372271836247078,1
-1.1528893550279407,-0.18153920259322665,1
1.602374690226141,0.15412666067486075,0
0.17382009327909653,0.7687211088797101,0
5.643507569501823,-0.8905740489629539,1
0.9477266560767172,1.8823375575005934,0
-6.098641747535651,1.103870265711387,0
-5.118076969207268,-0.1487174469697784,0
1.1240176823058416,1.5586728089662212,1
-4.277424914193849,-1.6827536284298823,0
3.1867875451953744,1.9301774879089222,1
-5.847306106486949,-1.729363092225337,0
-4.7893144905782865,-1.3105146155380503,0
5.501124236582447,1.4736243594054423,1
9.745566719517916,-3.288273360409875,1
6.666732595025776,1.9150674075284986,1
-4.6475691494681435,-1.4140747592420118,0
-0.9861713714240232,-0.09479836425098764,0
-8.4887268640715,-2.8451529336937096,0
6.255164793795293,1.7939342078864549,1
7.904494944554847,1.2121019269610245,1
4.643143614998253,-0.03864886862651151,1
1.3108947716589445,2.1951767942747065,0
-6.49732819788617,0.6709874599916108,0
-1.0720930660227588,-0.8710605241220137,1
10.709890357353189,2.334955082464302,1
6.4455961609821735,1.3700496830890574,0
-2.3075610461670646,-0.1576593971432677,0
5.983214956248617,-0.33830450427112735,1
0.06589128367669028,1.442726570898993,1
-9.116732689642895,1.657027162790185,0
1.0562532556425768,0.5146626465333253,1
4.740757921662725,-0.5473631523865747,0
-0.21873384433714438,1.543414431205487,1
-10.651513745672245,-0.07350724241233567,0
2.481020198211933,-1.636095080831412,0
9.130680319016959,0.8323839368981348,1
0.5141876706085476,1.0950468270379505,1
2.7472819817317236,2.725603622797078,1
-9.319686626985884,0.7251541928706389,0
1.9288233087374476,3.2003725931702016,1
3.3518033890476233,-0.8834987693471865,1
4.029410988729226,1.345404534147992,1
1.5023623985918804,-0.8448766749758728,1
-0.4025071813008701,-0.14146172766900822,1
7.024526913046902,-2.144651668886415,1
-10.430957497677904,-1.298719017452671,0
6.214321787691288,-0.20428769232679764,1
-3.3578059638684192,1.5680798361926156,0
2.431771610791501,0.9606950826255171,0
-1.1218242109015308,-0.5797567644378522,0
4.48790243143646,-0.531958544001354,1
-10.065488240913618,-0.21172396629759072,0
1.5595821148080145,1.9773868471076645,1
-7.481539070569804,-0.5178250402726565,0
-4.833704282074137,-1.581438220514161,0
-1.560848024724716,0.5527817901462155,1
-3.449606071191483,-0.5024065421819687,0
-8.52199585020189,-0.04948399188153285,0
3.7977669220797057,2.425943047684995,1
-10.611891070242145,1.980032695224428,0
6.483614747854746,-1.4096371618199142,1
-1.9159796363353558,0.8413578379256543,1
5.458917939140859,-1.2041303615448704,1
3.7283433880766834,2.4986013759170436,1
6.788351491628239,1.1976624131977118,1
-7.627713488743293,-1.7170101046216257,0
1.6522967380922604,0.21053846725523528,0
9.943608255388668,1.3924593122670927,1
9.042223014984195,-1.485541026744175,1
-0.6106462544526275,3.518260904548432,1
-1.22749307248124,0.8850338822759967,0
8.327357214409057,0.9095223787463889,1
-8.838114960827715,-0.3341704430459338,0
1.2797052275211755,1.2453489956306396,1
-3.5315008755753707,1.6897361619465965,1
-6.938541072193477,0.3645399153717136,0
10.62068907471298,0.3073520750245189,1
1.5828285623192204,-1.817054696827539,0
7.488164810425855,-2.3228778037125983,1
-7.064212190245431,-1.7367452455499643,0
-2.333276281200828,-0.5339893710252359,0
-7.5730403546914,-2.1870767861614286,0
3.965788687773883,-0.13282201945641725,1
-1.8474767646328185,-0.8135680880858683,1
3.219078100724023,-1.708920623997066,1
-2.534551185195016,0.27979351826561866,0
-7.375640275310357,1.7405320530589683,0
1.9016456451965742,-0.6938902317201139,1
-2.1589770414395555,0.24701068634455114,1
-5.166814354296917,-1.53822599648995,1
-2.696477292581009,-1.0819798004088834,1
-0.881375676017528,-2.5945161900839198,0
-7.542761506902856,0.670439383051636,0
-5.690606744443062,-0.7961368225612158,1
6.748889947742413,0.4353612254096965,1
-6.809398625027375,0.2861905366231985,0
9.242572776289753,0.9582294581489772,1
-8.989920264889017,-1.680360544907784,0
-2.186038896610574,-0.9414768315120069,0
-4.568290138431935,-0.4609529340827038,0
8.553165788433205,-0.7860033020871764,1
8.695519234258374,1.247199538812691,1
4.6519815939495,2.0188745668739583,1
-1.1559476752246127,3.370923029939634,1
-4.946124097255516,0.062229348901163134,1
7.755754634914103,-0.03419697537648281,1
-1.0645791435658771,-1.0394121548933979,1
-8.929533086167725,2.1915706691570174,0
8.652382272537698,-1.0765834854671292,1
0.8287821808365945,2.273343905382744,0
-4.187926797903957,-1.504068659104566,0
5.846271944080243,-0.20104563877903966,1
5.694935150715236,-0.32680044808948056,1
3.162122097857412,-2.6607379028777265,0
2.0688163958146797,0.5567604789192373,0
-5.550522224462014,-0.33845812763609906,0
-3.6972109531945376,1.808085308687779,0
3.73507696433772,-1.9930074699043767,1
-10.271836140127052,3.3814150611791374,0
-4.3014732611519335,-1.610045656146578,0
-10.262338448011686,-2.1115665630293146,0
-1.0255520252371286,2.954484646213431,1
-8.866994584270175,-2.8189550211162375,0
-10.394016202331468,0.11974719088789723,0
2.033527039819131,0.6156418958634289,0
5.606356791447406,-2.2676646464465513,1
7.313066635994789,0.7433888002092439,1
0.4052449983301054,-0.6783065339084565,0
-5.843156780699774,-0.6644401199272216,0
-0.5311755660054212,0.08078340402213918,0
-8.256385731987667,1.6969268156518007,0
1.1804866489228074,0.35354897253734474,1
-0.8048191202265237,0.3010394900985608,0
-3.6818309744613313,1.1546662205765688,0
-4.267166154887886,-0.07820970376038172,0
4.252269312180802,0.07751951853085726,1
2.606418095364822,-1.5486114397306716,0
-11.298951805773374,0.4501529550802364,1
10.127179679973613,2.9335337455975563,1
-7.774057215089071,0.16039627367612197,0
-0.2812815031309577,-1.8010994176692576,1
-8.521307653815875,0.8676521617132493,0
4.5355672827555615,-1.3553666720946393,0
-5.303026429675298,0.8049040017298352,0
-2.1508975766368295,0.3398876132618594,0
9.04160929441371,-1.1193364022784973,1
-2.2798529723921073,-2.5295630166289573,1
8.73563878967818,3.8859542985599003,1
7.6365501864559855,1.4182447908874516,1
1.811071572656643,-2.867552674312626,0
2.272009031528395,-1.5943789355877716,0
4.940788796740637,-0.3375760406243893,1
-1.9950624666854613,-0.09985770914912695,1
8.839955798692046,-1.403825046539641,1
9.00911833465628,-1.9531229292980843,1
-1.182263671298757,-0.6469245715921814,1
2.147409527427881,-1.000380375540082,1
-8.157248554344713,0.7760286829570187,0
1.2822581549354115,2.234144763421729,0
-6.156582754442717,2.000897467389478,1
8.0447454315451,-0.09522078556388003,1
2.2935267879685837,1.2488749493106583,1
-1.245824431053606,0.8318431529744409,0
-4.123444503162631,0.19512379166519578,0
-7.1586183166629604,1.5467804267445222,0
-7.7711234848119055,-0.7523526015957896,0
2.376526364381525,0.02880742169219888,1
-4.422774667444397,1.9312221607128586,0
-8.961266873029002,0.5068916127282697,0
-6.480649911764393,0.5842680536619845,0
5.882889952296126,-1.0374478443195247,1
-4.726971424302595,-0.9339899424726309,0
-6.144327736038512,1.6716541664170137,1
8.825602902411756,0.13925779658561865,1
6.130836464864812,-2.3261376561603724,1
-3.718835125545331,2.970697140068807,0
4.237395427657637,1.5214855789307595,1
-6.431787356128569,1.5598648102975008,1
-6.83981410680462,-1.0518640310594982,0
-1.1807568190418627,-1.0778911716224546,1
-0.4993341187354975,-1.016053124333495,0
-8.189403067695135,1.486585467123494,0
6.480914997392386,-0.6485219304774651,1
6.809355288329236,-0.8260874689840547,1
3.6444809805639977,-1.408626291198313,0
8.09155924583771,2.771758553111309,1
0.05338002182110424,-1.8234093984002384,1
2.451518175583558,0.03931876580265081,0
2.6573518610502544,1.2552966189147157,1
-5.835713474706889,-2.350216637367329,0
8.131294990909714,-2.596592350791907,1
-8.385849086888875,2.101144293488491,0
-9.910617890187833,-0.0063738990608728195,0
8.73033895106015,0.17238062916213637,1
2.3597654386948608,2.1476521102807737,1
8.687994831132524,0.7283499304144294,1
9.51263064951684,0.0023669957926968355,1
3.704034575265764,0.6988010187159162,0
6.105883658556573,-2.3655423793534878,0
9.691412215220831,1.9737511234525473,1
-4.167553018464487,0.5298653375307358,0
8.961176455850332,-0.42507207739641545,1
-3.14029688841772,1.1521841554872552,0
5.117647915503672,0.8625870556086012,1
8.429837363002978,-0.3525058411660782,1
-6.176694376623347,0.3075238621498386,1
9.900052097688409,2.536426372813796,1
5.018993679152058,0.4764708774866159,1
6.423087075052151,0.25285161080814095,1
10.614135132496155,0.124686386421719,1
-4.530869751103626,-0.6827123760072256,0
-2.0962369779398573,2.9242358213800963,1
-9.08469293428759,0.17731376112126762,0
-0.5792770718478689,-2.141983254969543,0
-4.000047900891554,0.6002160194955161,0
5.375851351345377,-0.5123134120624157,1
-2.016564707714509,0.8928434959783025,1
-5.664316051175296,1.5150793398147542,0
0.2984058061305831,-0.5083803572628942,1
-3.4564589257358773,1.081220239520342,0
